{
  "Logistic Regression": {
    "accuracy": 0.837037037037037,
    "precision": 0.8555133079847909,
    "recall": 0.974025974025974,
    "f1_score": 0.9109311740890689,
    "roc_auc": 0.6278166278166278,
    "cv_mean": 0.8523809523809524,
    "cv_std": 0.029311405258126
  },
  "Decision Tree": {
    "accuracy": 0.8185185185185185,
    "precision": 0.8791666666666667,
    "recall": 0.9134199134199135,
    "f1_score": 0.8959660297239915,
    "roc_auc": 0.6344211344211345,
    "cv_mean": 0.8142857142857143,
    "cv_std": 0.04262133835586524
  },
  "Random Forest": {
    "accuracy": 0.8518518518518519,
    "precision": 0.8576779026217228,
    "recall": 0.9913419913419913,
    "f1_score": 0.9196787148594378,
    "roc_auc": 0.7938727938727939,
    "cv_mean": 0.865079365079365,
    "cv_std": 0.012797234521108812
  },
  "SVM": {
    "accuracy": 0.8518518518518519,
    "precision": 0.8576779026217228,
    "recall": 0.9913419913419913,
    "f1_score": 0.9196787148594378,
    "roc_auc": 0.6479076479076479,
    "cv_mean": 0.8507936507936507,
    "cv_std": 0.010528967588429831
  },
  "Gradient Boosting": {
    "accuracy": 0.8703703703703703,
    "precision": 0.892,
    "recall": 0.9653679653679653,
    "f1_score": 0.9272349272349273,
    "roc_auc": 0.8443778443778444,
    "cv_mean": 0.8492063492063492,
    "cv_std": 0.016265001215808893
  }
}